what,kind,bundleId,bundleVersion,description,time
activated,workbench,org.eclipse.ui.workbench,3.6.1.M20100826-1330,"",1297654711885
activated,workbench,org.eclipse.ui.workbench,3.6.1.M20100826-1330,"",1297654711920
deactivated,workbench,org.eclipse.ui.workbench,3.6.1.M20100826-1330,"",1297654712774
error,log,,,"FDT log: No message gotten.",1297654715464
activated,view,org.eclipse.ant.ui,3.5.0.v20100427,"org.eclipse.ant.ui.views.AntView",1297654839619
activated,workbench,org.eclipse.ui.workbench,3.6.1.M20100826-1330,"",1297654839723
activated,view,com.powerflasher.fdt.ui,4.2.0.1272,"com.powerflasher.fdt.ui.views.FlashExplorer",1297654845092
activated,workbench,org.eclipse.ui.workbench,3.6.1.M20100826-1330,"",1297654846562
activated,workbench,org.eclipse.ui.workbench,3.6.1.M20100826-1330,"",1297654850288
deactivated,workbench,org.eclipse.ui.workbench,3.6.1.M20100826-1330,"",1297654850347
activated,workbench,org.eclipse.ui.workbench,3.6.1.M20100826-1330,"",1297654852061
executed,command,org.eclipse.ltk.ui.refactoring,3.5.0.v20100526-0800,"org.eclipse.ltk.ui.refactoring.commands.deleteResources",1297654852101
activated,workbench,org.eclipse.ui.workbench,3.6.1.M20100826-1330,"",1297654854744
deactivated,workbench,org.eclipse.ui.workbench,3.6.1.M20100826-1330,"",1297654854807
activated,workbench,org.eclipse.ui.workbench,3.6.1.M20100826-1330,"",1297654856152
executed,command,org.eclipse.ltk.ui.refactoring,3.5.0.v20100526-0800,"org.eclipse.ltk.ui.refactoring.commands.deleteResources",1297654856221
deactivated,workbench,org.eclipse.ui.workbench,3.6.1.M20100826-1330,"",1297654861939
activated,workbench,org.eclipse.ui.workbench,3.6.1.M20100826-1330,"",1297654865309
deactivated,workbench,org.eclipse.ui.workbench,3.6.1.M20100826-1330,"",1297654894451
activated,workbench,org.eclipse.ui.workbench,3.6.1.M20100826-1330,"",1297656453519
activated,workbench,org.eclipse.ui.workbench,3.6.1.M20100826-1330,"",1297656461953
deactivated,workbench,org.eclipse.ui.workbench,3.6.1.M20100826-1330,"",1297656462060
closed,editor,org.eclipse.ui.editors,3.6.1.r361_v20100825-0800,"org.eclipse.ui.DefaultTextEditor",1297656466687
activated,workbench,org.eclipse.ui.workbench,3.6.1.M20100826-1330,"",1297656466826
executed,command,org.eclipse.ltk.ui.refactoring,3.5.0.v20100526-0800,"org.eclipse.ltk.ui.refactoring.commands.deleteResources",1297656466848
deactivated,workbench,org.eclipse.ui.workbench,3.6.1.M20100826-1330,"",1297656468341
activated,workbench,org.eclipse.ui.workbench,3.6.1.M20100826-1330,"",1297656580680
deactivated,workbench,org.eclipse.ui.workbench,3.6.1.M20100826-1330,"",1297656583788
started,bundle,com.powerflasher.fdt.core.flexProjectImporter,4.2.0.1272,"com.powerflasher.fdt.core.flexProjectImporter",1297656589339
started,bundle,org.eclipse.jdt.launching,3.5.100.v20100526,"org.eclipse.jdt.launching",1297656890236
started,bundle,org.eclipse.pde.core,3.6.1.v20100902_r361,"org.eclipse.pde.core",1297656890376
started,bundle,org.eclipse.wst.server.core,1.1.204.v20100908,"org.eclipse.wst.server.core",1297656890401
started,bundle,org.eclipse.jdt.launching.macosx,3.2.100.v20100505,"org.eclipse.jdt.launching.macosx",1297656890441
activated,workbench,org.eclipse.ui.workbench,3.6.1.M20100826-1330,"",1297656893342
executed,command,org.eclipse.ui,3.6.1.M20100826-1330,"org.eclipse.ui.file.import",1297656893382
executed,command,org.eclipse.ui,3.6.1.M20100826-1330,"org.eclipse.ui.file.import",1297656893382
deactivated,workbench,org.eclipse.ui.workbench,3.6.1.M20100826-1330,"",1297656893405
activated,workbench,org.eclipse.ui.workbench,3.6.1.M20100826-1330,"",1297656899054
deactivated,workbench,org.eclipse.ui.workbench,3.6.1.M20100826-1330,"",1297656900338
error,log,,,"FDT log: No message gotten.",1297656903485
error,log,,,"FDT log: No message gotten.",1297656903514
activated,workbench,org.eclipse.ui.workbench,3.6.1.M20100826-1330,"",1297656910448
deactivated,workbench,org.eclipse.ui.workbench,3.6.1.M20100826-1330,"",1297656917008
error,log,,,"FDT log: /Applications/Adobe Flash Builder 4/sdks/4.5.0.19786/frameworks/libs/datavisualization.swc (No such file or directory)",1297656930391
error,log,,,"FDT log: /Applications/Adobe Flash Builder 4/sdks/4.5.0.19786/frameworks/libs/utilities.swc (No such file or directory)",1297656930473
error,log,,,"FDT log: No message gotten.",1297656932861
error,log,,,"FDT log: No message gotten.",1297656932882
activated,workbench,org.eclipse.ui.workbench,3.6.1.M20100826-1330,"",1297656944475
error,log,,,"FDT log: /Applications/Adobe Flash Builder 4/sdks/4.5.0.19786/frameworks/libs/datavisualization.swc (No such file or directory)",1297656946608
error,log,,,"FDT log: /Applications/Adobe Flash Builder 4/sdks/4.5.0.19786/frameworks/libs/utilities.swc (No such file or directory)",1297656946641
activated,view,org.eclipse.ui.ide,3.6.1.M20100825-0800,"org.eclipse.ui.views.ProblemView",1297656948384
error,log,,,"FDT log: No message gotten.",1297656948959
error,log,,,"FDT log: No message gotten.",1297656948988
activated,view,com.powerflasher.fdt.ui,4.2.0.1272,"com.powerflasher.fdt.ui.views.FlashExplorer",1297656950604
opened,editor,org.eclipse.ui.editors,3.6.1.r361_v20100825-0800,"org.eclipse.ui.DefaultTextEditor",1297656953484
activated,editor,org.eclipse.ui.editors,3.6.1.r361_v20100825-0800,"org.eclipse.ui.DefaultTextEditor",1297656953508
activated,view,com.powerflasher.fdt.ui,4.2.0.1272,"com.powerflasher.fdt.ui.views.FlashExplorer",1297656963088
activated,editor,org.eclipse.ui.editors,3.6.1.r361_v20100825-0800,"org.eclipse.ui.DefaultTextEditor",1297656964922
executed,command,org.eclipse.ui,3.6.1.M20100826-1330,"org.eclipse.ui.file.save",1297656971237
error,log,,,"FDT log: No message gotten.",1297656972743
executed,command,org.eclipse.ui,3.6.1.M20100826-1330,"org.eclipse.ui.file.save",1297656974150
deactivated,workbench,org.eclipse.ui.workbench,3.6.1.M20100826-1330,"",1297656976591
activated,workbench,org.eclipse.ui.workbench,3.6.1.M20100826-1330,"",1297656978824
executed,command,org.eclipse.ui.ide,3.6.1.M20100825-0800,"org.eclipse.ui.project.cleanAction",1297656978894
deactivated,workbench,org.eclipse.ui.workbench,3.6.1.M20100826-1330,"",1297656980010
activated,view,com.powerflasher.fdt.ui,4.2.0.1272,"com.powerflasher.fdt.ui.views.FlashExplorer",1297656987076
activated,view,org.eclipse.ui.ide,3.6.1.M20100825-0800,"org.eclipse.ui.views.ProblemView",1297656989502
activated,workbench,org.eclipse.ui.workbench,3.6.1.M20100826-1330,"",1297656989648
activated,view,com.powerflasher.fdt.ui,4.2.0.1272,"com.powerflasher.fdt.ui.views.FlashExplorer",1297656991106
deactivated,workbench,org.eclipse.ui.workbench,3.6.1.M20100826-1330,"",1297656992876
started,bundle,org.eclipse.wst.common.project.facet.ui,1.4.102.v201008170019,"org.eclipse.wst.common.project.facet.ui",1297656999634
activated,workbench,org.eclipse.ui.workbench,3.6.1.M20100826-1330,"",1297657036385
activated,workbench,org.eclipse.ui.workbench,3.6.1.M20100826-1330,"",1297657037637
deactivated,workbench,org.eclipse.ui.workbench,3.6.1.M20100826-1330,"",1297657042507
activated,workbench,org.eclipse.ui.workbench,3.6.1.M20100826-1330,"",1297657052479
activated,editor,org.eclipse.ui.editors,3.6.1.r361_v20100825-0800,"org.eclipse.ui.DefaultTextEditor",1297657054780
deactivated,workbench,org.eclipse.ui.workbench,3.6.1.M20100826-1330,"",1297657056017
activated,workbench,org.eclipse.ui.workbench,3.6.1.M20100826-1330,"",1297657058806
activated,view,com.powerflasher.fdt.ui,4.2.0.1272,"com.powerflasher.fdt.ui.views.FlashExplorer",1297657065312
deactivated,workbench,org.eclipse.ui.workbench,3.6.1.M20100826-1330,"",1297657067060
activated,workbench,org.eclipse.ui.workbench,3.6.1.M20100826-1330,"",1297657957482
deactivated,workbench,org.eclipse.ui.workbench,3.6.1.M20100826-1330,"",1297657961892
activated,workbench,org.eclipse.ui.workbench,3.6.1.M20100826-1330,"",1297657970681
error,log,,,"FDT log: No message gotten.",1297657976315
error,log,,,"FDT log: No message gotten.",1297657976343
deactivated,workbench,org.eclipse.ui.workbench,3.6.1.M20100826-1330,"",1297657995532
activated,workbench,org.eclipse.ui.workbench,3.6.1.M20100826-1330,"",1297658015043
deactivated,workbench,org.eclipse.ui.workbench,3.6.1.M20100826-1330,"",1297658016279
activated,workbench,org.eclipse.ui.workbench,3.6.1.M20100826-1330,"",1297658019185
activated,editor,org.eclipse.ui.editors,3.6.1.r361_v20100825-0800,"org.eclipse.ui.DefaultTextEditor",1297658020134
executed,command,org.eclipse.ui,3.6.1.M20100826-1330,"org.eclipse.ui.edit.copy",1297658023326
executed,command,org.eclipse.ui,3.6.1.M20100826-1330,"org.eclipse.ui.edit.paste",1297658024038
executed,command,org.eclipse.ui,3.6.1.M20100826-1330,"org.eclipse.ui.file.save",1297658034070
error,log,,,"FDT log: No message gotten.",1297658035392
deactivated,workbench,org.eclipse.ui.workbench,3.6.1.M20100826-1330,"",1297658038912
activated,workbench,org.eclipse.ui.workbench,3.6.1.M20100826-1330,"",1297658129477
deactivated,workbench,org.eclipse.ui.workbench,3.6.1.M20100826-1330,"",1297658131626
activated,workbench,org.eclipse.ui.workbench,3.6.1.M20100826-1330,"",1297658134988
deactivated,workbench,org.eclipse.ui.workbench,3.6.1.M20100826-1330,"",1297658138768
activated,workbench,org.eclipse.ui.workbench,3.6.1.M20100826-1330,"",1297658148828
deactivated,workbench,org.eclipse.ui.workbench,3.6.1.M20100826-1330,"",1297658149881
activated,workbench,org.eclipse.ui.workbench,3.6.1.M20100826-1330,"",1297658151444
deactivated,workbench,org.eclipse.ui.workbench,3.6.1.M20100826-1330,"",1297658153065
activated,workbench,org.eclipse.ui.workbench,3.6.1.M20100826-1330,"",1297658163162
executed,command,org.eclipse.ui,3.6.1.M20100826-1330,"org.eclipse.ui.edit.copy",1297658176866
executed,command,org.eclipse.ui,3.6.1.M20100826-1330,"org.eclipse.ui.edit.paste",1297658181324
executed,command,org.eclipse.ui,3.6.1.M20100826-1330,"org.eclipse.ui.file.save",1297658186460
error,log,,,"FDT log: No message gotten.",1297658186625
executed,command,org.eclipse.ui.ide,3.6.1.M20100825-0800,"org.eclipse.ui.project.buildAutomatically",1297658193069
deactivated,workbench,org.eclipse.ui.workbench,3.6.1.M20100826-1330,"",1297658196285
activated,workbench,org.eclipse.ui.workbench,3.6.1.M20100826-1330,"",1297658197687
executed,command,org.eclipse.ui.ide,3.6.1.M20100825-0800,"org.eclipse.ui.project.cleanAction",1297658197735
deactivated,workbench,org.eclipse.ui.workbench,3.6.1.M20100826-1330,"",1297658198706
error,log,,,"FDT log: /Applications/Adobe Flash Builder 4/sdks/4.5.0.19786/frameworks/libs/mx.swc (No such file or directory)",1297658200607
error,log,,,"FDT log: No message gotten.",1297658202856
error,log,,,"FDT log: No message gotten.",1297658202886
activated,workbench,org.eclipse.ui.workbench,3.6.1.M20100826-1330,"",1297658220565
activated,view,com.powerflasher.fdt.ui,4.2.0.1272,"com.powerflasher.fdt.ui.views.FlashExplorer",1297658228251
closed,editor,org.eclipse.ui.editors,3.6.1.r361_v20100825-0800,"org.eclipse.ui.DefaultTextEditor",1297658228251
deactivated,workbench,org.eclipse.ui.workbench,3.6.1.M20100826-1330,"",1297658235717
activated,workbench,org.eclipse.ui.workbench,3.6.1.M20100826-1330,"",1297658236725
closed,workbench,org.eclipse.ui.workbench,3.6.1.M20100826-1330,"",1297658236860
stopped,bundle,org.eclipse.jst.j2ee.xdoclet.runtime,1.1.300.v201004280700,"org.eclipse.jst.j2ee.xdoclet.runtime",1297658238228
stopped,bundle,org.eclipse.jst.j2ee.ejb.annotations.xdoclet,1.2.100.v201003112036,"org.eclipse.jst.j2ee.ejb.annotations.xdoclet",1297658238274
stopped,bundle,org.eclipse.jst.server.generic.jboss,1.6.1.v200904151730,"org.eclipse.jst.server.generic.jboss",1297658238274
stopped,bundle,org.eclipse.jst.server.generic.jonas,1.5.205.v200805140145,"org.eclipse.jst.server.generic.jonas",1297658238274
stopped,bundle,org.eclipse.jst.server.generic.oc4j,1.5.206.v20090812,"org.eclipse.jst.server.generic.oc4j",1297658238274
stopped,bundle,org.eclipse.jst.server.websphere.core,1.0.302.v20080620,"org.eclipse.jst.server.websphere.core",1297658238275
stopped,bundle,org.eclipse.jst.server.generic.ui,1.0.505.v20100428,"org.eclipse.jst.server.generic.ui",1297658238275
stopped,bundle,org.eclipse.jst.server.generic.core,1.0.606.v20100512,"org.eclipse.jst.server.generic.core",1297658238275
stopped,bundle,org.eclipse.mylyn.ide.ant,3.4.0.v20100608-0100-e3x,"org.eclipse.mylyn.ide.ant",1297658238275
stopped,bundle,org.eclipse.datatools.connectivity.oda.template.ui,3.2.1.v201004090942,"org.eclipse.datatools.connectivity.oda.template.ui",1297658238275
stopped,bundle,org.eclipse.pde.api.tools.ui,1.0.201.v20100820_r361,"org.eclipse.pde.api.tools.ui",1297658238275
stopped,bundle,org.eclipse.pde.ds.ui,1.0.100.v20100601,"org.eclipse.pde.ds.ui",1297658238275
stopped,bundle,org.eclipse.pde.runtime,3.4.200.v20100601,"org.eclipse.pde.runtime",1297658238275
stopped,bundle,org.eclipse.pde.ua.ui,1.0.100.v20100504,"org.eclipse.pde.ua.ui",1297658238275
stopped,bundle,org.eclipse.pde.ui.templates,3.4.200.v20100601,"org.eclipse.pde.ui.templates",1297658238275
stopped,bundle,com.powerflasher.fdt.ui.fontLibraryCreator,4.2.0.1272,"com.powerflasher.fdt.ui.fontLibraryCreator",1297658238275
stopped,bundle,org.eclipse.pde.ui,3.6.1.v20100810_r361,"org.eclipse.pde.ui",1297658238275
stopped,bundle,org.eclipse.ant.ui,3.5.0.v20100427,"org.eclipse.ant.ui",1297658238275
stopped,bundle,org.eclipse.ant.launching,1.0.0.v20100427,"org.eclipse.ant.launching",1297658238275
stopped,bundle,org.eclipse.equinox.p2.ui.sdk,1.0.100.v20100513,"org.eclipse.equinox.p2.ui.sdk",1297658238275
stopped,bundle,org.eclipse.jst.server.tomcat.ui,1.1.200.v20100418,"org.eclipse.jst.server.tomcat.ui",1297658238275
stopped,bundle,org.eclipse.jst.server.ui,1.1.101.v20100823b,"org.eclipse.jst.server.ui",1297658238275
stopped,bundle,org.eclipse.mylyn.java.tasks,3.4.0.v20100608-0100-e3x,"org.eclipse.mylyn.java.tasks",1297658238276
stopped,bundle,org.eclipse.mylyn.java.ui,3.4.0.v20100608-0100-e3x,"org.eclipse.mylyn.java.ui",1297658238276
stopped,bundle,org.eclipse.jdt.junit,3.6.1.r361_v20100825-0800,"org.eclipse.jdt.junit",1297658238276
stopped,bundle,org.eclipse.jpt.eclipselink.ui,1.3.0.v201004280001,"org.eclipse.jpt.eclipselink.ui",1297658238276
stopped,bundle,org.eclipse.jpt.eclipselink.core,1.3.1.v201007142310,"org.eclipse.jpt.eclipselink.core",1297658238276
stopped,bundle,org.eclipse.jpt.jaxb.ui,1.0.1.v201006300000,"org.eclipse.jpt.jaxb.ui",1297658238287
stopped,bundle,org.eclipse.jpt.ui,2.3.2.v201008252310,"org.eclipse.jpt.ui",1297658238287
stopped,bundle,org.eclipse.jpt.core,2.3.2.v201008252310,"org.eclipse.jpt.core",1297658238287
stopped,bundle,org.eclipse.jpt.db,1.2.201.v201008242310,"org.eclipse.jpt.db",1297658238309
stopped,bundle,org.eclipse.datatools.enablement.jdt.classpath,1.0.1.v201004070709,"org.eclipse.datatools.enablement.jdt.classpath",1297658238309
stopped,bundle,org.eclipse.jdt.apt.ui,3.3.300.v20100513-0845,"org.eclipse.jdt.apt.ui",1297658238309
stopped,bundle,org.eclipse.datatools.enablement.sybase.asa.schemaobjecteditor.examples,2.5.0.200810071,"org.eclipse.datatools.enablement.sybase.asa.schemaobjecteditor.examples",1297658238309
stopped,bundle,org.eclipse.datatools.sqltools.debugger.core.ui,1.0.0.v201003161000,"org.eclipse.datatools.sqltools.debugger.core.ui",1297658238309
stopped,bundle,org.eclipse.jst.server.preview.adapter,1.1.100.v20100308,"org.eclipse.jst.server.preview.adapter",1297658238309
stopped,bundle,org.eclipse.wst.xsl.jaxp.debug.ui,1.0.100.v201004290328,"org.eclipse.wst.xsl.jaxp.debug.ui",1297658238309
stopped,bundle,org.eclipse.jdt.debug.ui,3.5.0.v20100602-0830,"org.eclipse.jdt.debug.ui",1297658238310
stopped,bundle,org.eclipse.jst.common.annotations.ui,1.1.300.v201002081900,"org.eclipse.jst.common.annotations.ui",1297658238310
stopped,bundle,org.eclipse.jst.j2ee.ejb.annotations.ui,1.1.200.v201004290730,"org.eclipse.jst.j2ee.ejb.annotations.ui",1297658238310
stopped,bundle,org.eclipse.jst.ejb.ui,1.1.501.v201007070821,"org.eclipse.jst.ejb.ui",1297658238310
stopped,bundle,org.eclipse.jst.ws.axis.creation.ui,1.0.600.v201008171516,"org.eclipse.jst.ws.axis.creation.ui",1297658238310
stopped,bundle,org.eclipse.jst.ws.axis.consumption.ui,1.0.505.v201004211805,"org.eclipse.jst.ws.axis.consumption.ui",1297658238310
stopped,bundle,org.eclipse.jst.ws.axis2.creation.ui,1.0.104.v201004211805,"org.eclipse.jst.ws.axis2.creation.ui",1297658238310
stopped,bundle,org.eclipse.jst.ws.axis2.consumption.ui,1.0.103.v201004211805,"org.eclipse.jst.ws.axis2.consumption.ui",1297658238310
stopped,bundle,org.eclipse.jst.ws.axis2.creation.core,1.0.106.v201004211805,"org.eclipse.jst.ws.axis2.creation.core",1297658238324
stopped,bundle,org.eclipse.jst.ws.axis2.consumption.core,1.0.105.v201004211805,"org.eclipse.jst.ws.axis2.consumption.core",1297658238335
stopped,bundle,org.eclipse.jst.ws.cxf.creation.ui,1.0.0.v201003311345,"org.eclipse.jst.ws.cxf.creation.ui",1297658238336
stopped,bundle,org.eclipse.jst.ws.creation.ui,1.0.508.v201006011553,"org.eclipse.jst.ws.creation.ui",1297658238336
stopped,bundle,org.eclipse.jst.ws.cxf.consumption.ui,1.0.0.v201003222311,"org.eclipse.jst.ws.cxf.consumption.ui",1297658238336
stopped,bundle,org.eclipse.jst.ws.consumption.ui,1.1.300.v201008252303,"org.eclipse.jst.ws.consumption.ui",1297658238336
stopped,bundle,org.eclipse.jst.j2ee.webservice.ui,1.1.400.v201004110600,"org.eclipse.jst.j2ee.webservice.ui",1297658238336
stopped,bundle,org.eclipse.jst.servlet.ui,1.1.402.v201008261918,"org.eclipse.jst.servlet.ui",1297658238336
stopped,bundle,org.eclipse.jst.ws.jaxws.dom.integration,1.0.0.v201004171919,"org.eclipse.jst.ws.jaxws.dom.integration",1297658238336
stopped,bundle,org.eclipse.jst.jee.ui,1.0.302.v201009011600,"org.eclipse.jst.jee.ui",1297658238336
stopped,bundle,org.eclipse.jst.j2ee.navigator.ui,1.1.402.v201009081300,"org.eclipse.jst.j2ee.navigator.ui",1297658238336
stopped,bundle,org.eclipse.jst.j2ee.jca.ui,1.1.400.v201004150700,"org.eclipse.jst.j2ee.jca.ui",1297658238336
stopped,bundle,org.eclipse.jst.j2ee.ui,1.1.402.v201009080200,"org.eclipse.jst.j2ee.ui",1297658238336
stopped,bundle,org.eclipse.jst.jsf.facelet.ui,1.0.0.v20100602,"org.eclipse.jst.jsf.facelet.ui",1297658238336
stopped,bundle,org.eclipse.jst.jsf.ui,1.3.1.v20100906,"org.eclipse.jst.jsf.ui",1297658238336
stopped,bundle,org.eclipse.jst.ws.jaxrs.ui,1.0.300.v201008201959,"org.eclipse.jst.ws.jaxrs.ui",1297658238336
stopped,bundle,org.eclipse.jst.common.project.facet.ui,1.4.102.v201008182136,"org.eclipse.jst.common.project.facet.ui",1297658238336
stopped,bundle,org.eclipse.jst.common.ui,1.0.2.v201009080200,"org.eclipse.jst.common.ui",1297658238336
stopped,bundle,org.eclipse.jst.j2ee.ejb.annotations.emitter,1.1.200.v200909290826,"org.eclipse.jst.j2ee.ejb.annotations.emitter",1297658238336
stopped,bundle,org.eclipse.jst.jsf.apache.trinidad.tagsupport,1.1.101.v20100906,"org.eclipse.jst.jsf.apache.trinidad.tagsupport",1297658238336
stopped,bundle,org.eclipse.jst.jsf.facesconfig.ui,1.2.0.v20100421,"org.eclipse.jst.jsf.facesconfig.ui",1297658238336
stopped,bundle,org.eclipse.jst.pagedesigner.jsf.ui,1.2.0.v20100414,"org.eclipse.jst.pagedesigner.jsf.ui",1297658238336
stopped,bundle,org.eclipse.jst.pagedesigner,1.3.1.v20100906,"org.eclipse.jst.pagedesigner",1297658238336
stopped,bundle,org.eclipse.jst.jsf.common.ui,1.2.0.v20100329,"org.eclipse.jst.jsf.common.ui",1297658238336
stopped,bundle,org.eclipse.jst.jsf.facelet.core,1.0.1.v20100712,"org.eclipse.jst.jsf.facelet.core",1297658238336
stopped,bundle,org.eclipse.jst.jsf.core,1.3.2.v20100906,"org.eclipse.jst.jsf.core",1297658238336
stopped,bundle,org.eclipse.jst.jsf.standard.tagsupport,1.2.1.v20100906,"org.eclipse.jst.jsf.standard.tagsupport",1297658238337
stopped,bundle,org.eclipse.jst.pagedesigner.jsp.core,1.2.0.v20100308,"org.eclipse.jst.pagedesigner.jsp.core",1297658238337
stopped,bundle,org.eclipse.jst.jsf.common,1.2.1.v20100827,"org.eclipse.jst.jsf.common",1297658238337
stopped,bundle,org.eclipse.wst.jsdt.web.support.jsp,1.0.301.v201007080222,"org.eclipse.wst.jsdt.web.support.jsp",1297658238337
stopped,bundle,org.eclipse.jst.jsp.ui,1.1.501.v201008232032,"org.eclipse.jst.jsp.ui",1297658238337
stopped,bundle,org.eclipse.jst.ws.cxf.consumption.core,1.0.0.v201003222311,"org.eclipse.jst.ws.cxf.consumption.core",1297658238337
stopped,bundle,org.eclipse.jst.ws.cxf.creation.core,1.0.0.v201003311345,"org.eclipse.jst.ws.cxf.creation.core",1297658238358
stopped,bundle,org.eclipse.jst.ws.cxf.ui,1.0.0.v201004171919,"org.eclipse.jst.ws.cxf.ui",1297658238358
stopped,bundle,org.eclipse.jst.ws.cxf.core,1.0.0.v201003311345,"org.eclipse.jst.ws.cxf.core",1297658238358
stopped,bundle,org.eclipse.jst.ws.jaxws.ui,1.0.1.v201008232129,"org.eclipse.jst.ws.jaxws.ui",1297658238358
stopped,bundle,org.eclipse.jst.ws.jaxws.core,1.0.0.v201004171919,"org.eclipse.jst.ws.jaxws.core",1297658238359
stopped,bundle,org.eclipse.jst.ws.annotations.core,1.0.0.v201004262257,"org.eclipse.jst.ws.annotations.core",1297658238359
stopped,bundle,org.eclipse.jst.ws.axis2.ui,1.0.303.v201003110431,"org.eclipse.jst.ws.axis2.ui",1297658238359
stopped,bundle,org.eclipse.jst.ws.uddiregistry,1.0.500.v201004211805,"org.eclipse.jst.ws.uddiregistry",1297658238359
stopped,bundle,org.eclipse.jst.ws.ui,1.0.403.v201004211805,"org.eclipse.jst.ws.ui",1297658238359
stopped,bundle,org.eclipse.jdt.ui,3.6.1.r361_v20100825-0800,"org.eclipse.jdt.ui",1297658238359
stopped,bundle,org.eclipse.rse.importexport,1.2.101.v201008191400,"org.eclipse.rse.importexport",1297658238359
stopped,bundle,org.eclipse.rse.subsystems.shells.telnet,1.2.0.v200905272300,"org.eclipse.rse.subsystems.shells.telnet",1297658238359
stopped,bundle,org.eclipse.rse.useractions,1.1.100.v200905272300,"org.eclipse.rse.useractions",1297658238359
stopped,bundle,org.eclipse.rse.shells.ui,3.0.200.v201006041352,"org.eclipse.rse.shells.ui",1297658238359
stopped,bundle,org.eclipse.rse.files.ui,3.1.101.v201009071110,"org.eclipse.rse.files.ui",1297658238359
stopped,bundle,org.eclipse.rse.processes.ui,3.0.200.v201003010830,"org.eclipse.rse.processes.ui",1297658238359
stopped,bundle,org.eclipse.wst.dtd.ui,1.0.500.v201004290328,"org.eclipse.wst.dtd.ui",1297658238359
stopped,bundle,org.eclipse.wst.wsdl.ui,1.2.303.v201009100445,"org.eclipse.wst.wsdl.ui",1297658238359
stopped,bundle,org.eclipse.wst.wsi.ui,1.0.501.v201004201506,"org.eclipse.wst.wsi.ui",1297658238359
stopped,bundle,org.eclipse.wst.jsdt.web.ui,1.0.302.v201009091745,"org.eclipse.wst.jsdt.web.ui",1297658238359
stopped,bundle,org.eclipse.wst.web.ui,1.1.400.v201004141630,"org.eclipse.wst.web.ui",1297658238359
stopped,bundle,org.eclipse.wst.html.ui,1.0.502.v201009010342,"org.eclipse.wst.html.ui",1297658238359
stopped,bundle,org.eclipse.wst.css.ui,1.0.501.v201008232042,"org.eclipse.wst.css.ui",1297658238359
stopped,bundle,org.eclipse.wst.xsl.exslt.ui,1.0.0.v201006012005,"org.eclipse.wst.xsl.exslt.ui",1297658238359
stopped,bundle,org.eclipse.wst.xsl.ui,1.1.1.v201009091745,"org.eclipse.wst.xsl.ui",1297658238359
stopped,bundle,org.eclipse.wst.xml.xpath.ui,1.1.1.v201007022358,"org.eclipse.wst.xml.xpath.ui",1297658238359
stopped,bundle,org.eclipse.wst.xsd.ui,1.2.303.v201004290328,"org.eclipse.wst.xsd.ui",1297658238359
stopped,bundle,org.eclipse.wst.xsl.debug.ui,1.0.100.v201004290328,"org.eclipse.wst.xsl.debug.ui",1297658238359
stopped,bundle,org.eclipse.wst.xml.ui,1.1.102.v201008251905,"org.eclipse.wst.xml.ui",1297658238359
stopped,bundle,org.eclipse.wst.common.ui,1.1.500.v200911190730,"org.eclipse.wst.common.ui",1297658238359
stopped,bundle,org.eclipse.wst.jsdt.debug.ui,1.0.1.v201008170101,"org.eclipse.wst.jsdt.debug.ui",1297658238359
stopped,bundle,org.eclipse.wst.jsdt.support.firefox,1.0.300.v201004150600,"org.eclipse.wst.jsdt.support.firefox",1297658238359
stopped,bundle,org.eclipse.wst.jsdt.ui,1.1.2.v201009010353,"org.eclipse.wst.jsdt.ui",1297658238369
stopped,bundle,org.eclipse.wst.sse.ui,1.2.2.v201008232126,"org.eclipse.wst.sse.ui",1297658238369
stopped,bundle,com.powerflasher.fdt.core.compiler.adapter,4.2.0.1272,"com.powerflasher.fdt.core.compiler.adapter",1297658238370
stopped,bundle,com.powerflasher.fdt.core.debugger.adapter,4.2.0.1272,"com.powerflasher.fdt.core.debugger.adapter",1297658238370
stopped,bundle,com.powerflasher.fdt.core.flexProjectImporter,4.2.0.1272,"com.powerflasher.fdt.core.flexProjectImporter",1297658238370
stopped,bundle,com.powerflasher.fdt.ui.enterprise,4.2.0.1272,"com.powerflasher.fdt.ui.enterprise",1297658238382
stopped,bundle,com.powerflasher.fdt.ui.launch,4.2.0.1272,"com.powerflasher.fdt.ui.launch",1297658238395
stopped,bundle,com.powerflasher.fdt.ui.professional,4.2.0.1272,"com.powerflasher.fdt.ui.professional",1297658238395
stopped,bundle,com.powerflasher.fdt.ui.mxml,4.2.0.1272,"com.powerflasher.fdt.ui.mxml",1297658238395
stopped,bundle,com.powerflasher.fdt.ui.swcOutline,4.2.0.1272,"com.powerflasher.fdt.ui.swcOutline",1297658238398
stopped,bundle,com.powerflasher.fdt.ui.swfViewer,4.2.0.1272,"com.powerflasher.fdt.ui.swfViewer",1297658238398
stopped,bundle,com.powerflasher.fdt.ui,4.2.0.1272,"com.powerflasher.fdt.ui",1297658238398
stopped,bundle,com.powerflasher.fdt.core.mxml,4.2.0.1272,"com.powerflasher.fdt.core.mxml",1297658238398
stopped,bundle,com.powerflasher.fdt.core.dom,4.2.0.1272,"com.powerflasher.fdt.core.dom",1297658238398
stopped,bundle,com.powerflasher.fdt.core.enterprise,4.2.0.1272,"com.powerflasher.fdt.core.enterprise",1297658238400
stopped,bundle,com.powerflasher.fdt.core.profiler,4.2.0.1272,"com.powerflasher.fdt.core.profiler",1297658238400
stopped,bundle,com.powerflasher.fdt.core.launch,4.2.0.1272,"com.powerflasher.fdt.core.launch",1297658238400
stopped,bundle,com.powerflasher.fdt.core.professional,4.2.0.1272,"com.powerflasher.fdt.core.professional",1297658238400
stopped,bundle,com.powerflasher.fdt.doc.flash,3.2.0.1001,"com.powerflasher.fdt.doc.flash",1297658238400
